{
  "recipes": [
    {
      "slug": "flat-top-porcini-dusted-smashed-burger",
      "dateAdded": "2025-08-11T18:45:46.174Z",
      "personalNotes": "",
      "isFavorite": false
    },
    {
      "slug": "flat-top-smashed-cheeseburger",
      "dateAdded": "2025-01-10T12:00:00.000Z",
      "personalNotes": "",
      "isFavorite": false
    },
    {
      "slug": "traeger-smoked-tri-tip",
      "dateAdded": "2025-08-10T12:40:00.000Z",
      "personalNotes": "",
      "isFavorite": false
    },
    {
      "slug": "traeger-party-ribs",
      "dateAdded": "2025-08-10T12:20:00.000Z",
      "personalNotes": "",
      "isFavorite": true
    },
    {
      "slug": "traeger-smoked-pulled-pork",
      "dateAdded": "2025-08-10T12:00:00.000Z",
      "personalNotes": "",
      "isFavorite": false
    },
    {
      "slug": "bbq-bourbon-bacon-burger",
      "dateAdded": "2025-08-10T13:00:00.000Z",
      "personalNotes": "",
      "isFavorite": false
    },
    {
      "slug": "traeger-grilled-corn-on-the-cob",
      "dateAdded": "2025-08-10T19:40:00.000Z",
      "personalNotes": "",
      "isFavorite": false
    }
  ]
}